Código do fundo;Setor;Preço Atual;Liquidez Diária;Dividendo;DividendYield;DY (3M)Acumulado;DY (6M)Acumulado;DY (12M)Acumulado;DY (3M)Média;DY (6M)Média;DY (12M)Média;DY Ano;Variação Preço;Rentab.Período;Rentab.Acumulada;PatrimônioLíq.;VPA;P/VPA;DYPatrimonial;VariaçãoPatrimonial;Rentab. Patr.no Período;Rentab. Patr.Acumulada;VacânciaFísica;VacânciaFinanceira;QuantidadeAtivos
ABCP11;Shoppings;R$ 72,95;859.0;65;88;214;492;877;71;82;73;318;-1,47%;-0,60%;2,50%;1121419876,00;9189;79;0,54%;0,11%;0,65%;2,05%;7,50%;0;1
AFHI11;Títulos e Val. Mob.;R$ 98,55;9820.0;135;131;385;764;0;128;127;0;385;0,96%;2,28%;4,80%;1738249464,00;9724;101;1,39%;0,44%;1,83%;3,20%;0;0;0
AFOF11;Títulos e Val. Mob.;R$ 89,22;1511.0;101;107;321;626;0;107;104;0;321;0,92%;2,00%;7,84%;707213559,00;10232;87;0,98%;1,26%;2,25%;5,57%;0;0;0
AIEC11;Lajes Corporativas;R$ 78,99;7451.0;72;9;335;584;1022;112;97;85;413;-3,94%;-3,08%;6,58%;48838614004,00;10122;78;1,29%;-0,70%;0,58%;1,89%;0,00%;0;2
ALMI11;Lajes Corporativas;R$ 950,00;133.0;0;0;0;0;0;0;0;0;0;2,27%;2,27%;-28,29%;24963297343,00;224537;42;0,0%;0;0;0;64,05%;0;1
ALZR11;Logística;R$ 115,14;8554.0;77;67;199;386;718;66;64;6;199;4,88%;5,58%;1,48%;6422981487,00;10846;106;0,71%;-0,05%;0,67%;1,34%;0,00%;0;15
APTO11;Híbrido;R$ 10,28;188.0;12;115;32;0;0;107;0;0;409;0,97%;2,14%;7,25%;3928126736,00;979;105;1,12%;0,30%;1,43%;1,66%;0;0;0
ARCT11;Híbrido;R$ 106,30;18201.0;164;154;441;91;1407;147;152;117;441;-3,23%;-1,74%;1,44%;2884193917,00;1002;106;1,64%;0,23%;1,87%;3,40%;0;0;4
ARRI11;Títulos e Val. Mob.;R$ 95,22;1294.0;128;13;394;859;1568;131;143;131;524;-0,50%;0,79%;3,48%;9866189222,00;9411;101;1,42%;2,12%;3,58%;6,18%;0;0;0
ATSA11;Shoppings;R$ 93,99;10.0;25;18;59;13;297;2;22;25;37;0,74%;0,92%;1,10%;1558858143,00;8902;106;0,0%;0;0;0;21,90%;0;1
BARI11;Títulos e Val. Mob.;R$ 100,00;6416.0;13;127;341;694;1327;114;116;111;446;-0,06%;1,21%;2,08%;47262233679,00;10199;98;1,08%;0,37%;1,45%;3,74%;0;0;0
BBFI11B;Lajes Corporativas;R$ 1.991,51;202.0;2391;116;382;784;1414;127;131;118;487;2,22%;3,40%;-5,38%;37076257682,00;285202;7;1,12%;0,13%;1,25%;2,11%;39,11%;0;2
BBFO11;Títulos e Val. Mob.;R$ 71,39;3143.0;77;105;303;596;1031;101;99;86;414;1,52%;2,58%;5,70%;34315963451,00;8571;83;0,90%;0,28%;1,18%;2,46%;0;0;0
BBGO11;Títulos e Val. Mob.;R$ 84,50;570.0;55;62;0;0;0;0;0;0;165;1,34%;1,97%;3,02%;38965305459,00;9729;87;0,51%;0,23%;0,74%;1,75%;0;0;0
BBIM11;Títulos e Val. Mob.;R$ 0,0;0;25;0;0;0;0;0;0;0;0;0,00%;0,00%;0,00%;5013108862,00;4844;0;0,52%;2,71%;3,24%;4,36%;0;0;0
BBPO11;Lajes Corporativas;R$ 80,90;13568.0;89;104;302;591;1125;101;99;94;397;-3,97%;-2,97%;-5,10%;152631609947,00;9588;84;0,93%;0,02%;0,95%;2,86%;0,00%;0,00%;64
BBRC11;Outros;R$ 96,70;1001.0;94;95;287;563;1035;96;94;86;377;2,65%;3,63%;2,58%;17165423657,00;10796;9;0,87%;0,07%;0,94%;2,88%;5,37%;1,08%;20
BCFF11;Títulos e Val. Mob.;R$ 64,90;33987.0;54;81;24;463;852;8;77;71;315;-2,32%;-1,53%;-3,82%;197123995212,00;7827;83;0,69%;-0,23%;0,46%;1,15%;0;0;0
BCIA11;Títulos e Val. Mob.;R$ 81,66;3268.0;71;83;247;475;899;82;79;75;321;3,95%;4,82%;1,61%;39017285841,00;10491;78;0,68%;0,83%;1,51%;3,27%;0;0;0
BCRI11;Títulos e Val. Mob.;R$ 107,13;7933.0;13;118;349;697;1348;116;116;112;461;0,19%;1,37%;4,03%;66548700329,00;10634;101;1,27%;-0,28%;0,99%;3,26%;0;0;0
BICE11;Títulos e Val. Mob.;R$ 1.000,00;24.0;54;0;0;0;0;0;0;0;0;0,00%;0,00%;0,00%;1025145787,00;9243;108;0,0%;0;0;0;0;0;0
BICR11;Títulos e Val. Mob.;R$ 96,53;7.0;11;112;261;44;697;87;73;58;311;1,24%;2,38%;7,18%;4965343026,00;9931;97;1,11%;-0,22%;0,89%;2,75%;0;0;0
BIME11;Outros;R$ 9,63;9673.0;14;145;391;0;0;13;0;0;495;4,78%;6,30%;4,71%;5566157595,00;952;101;1,26%;0,05%;1,32%;1,69%;0;0;0
BLCA11;Lajes Corporativas;R$ 99,00;4.0;51;51;154;0;0;51;0;0;154;1,03%;1,55%;2,58%;15329204408,00;9581;103;0,53%;-1,68%;-1,16%;-9,51%;0,00%;0;1
BLCP11;Outros;R$ 86,00;1045.0;51;59;184;317;667;61;53;56;184;3,68%;4,29%;9,49%;22587517613,00;9837;87;0,52%;-0,01%;0,51%;1,03%;6,20%;0;2
BLMC11;Outros;R$ 97,11;17.0;115;117;341;68;1115;114;113;93;341;-0,38%;0,79%;3,33%;3921652956,00;9816;99;1,17%;1,29%;2,48%;0,96%;0;0;0
BLMG11;Logística;R$ 80,87;11094.0;8;94;278;554;1123;93;92;94;363;-0,38%;0,56%;-6,38%;37707528533,00;9895;82;0,81%;-1,69%;-0,90%;-0,14%;0,00%;0,00%;4
BLMO11;Lajes Corporativas;R$ 25.000,00;13.0;1751;7;16;0;0;5;0;0;16;-4,21%;-4,14%;-4,08%;11093636078,00;2921685;86;0,06%;0,15%;0,21%;11,50%;0,00%;0;1
BLMR11;Títulos e Val. Mob.;R$ 7,22;70939.0;8;101;304;592;109;101;99;91;398;2,34%;3,37%;-3,12%;21120656137,00;827;87;0,91%;0,25%;1,16%;0,32%;0;0;0
BMLC11;Lajes Corporativas;R$ 91,00;2.0;74;81;218;462;853;73;77;71;279;0,62%;1,43%;3,89%;10907879698,00;10925;83;0,58%;-0,01%;0,57%;1,08%;7,00%;0;2
BNFS11;Outros;R$ 117,71;747.0;142;12;322;637;1176;107;106;98;425;-1,25%;-0,07%;-2,60%;6940792041,00;9915;119;1,23%;0,00%;1,23%;3,94%;0,00%;0;18
BPFF11;Títulos e Val. Mob.;R$ 63,10;8050.0;65;1;286;555;1018;95;93;85;373;1,01%;2,02%;-1,96%;34964995658,00;7783;81;0,77%;-0,11%;0,66%;0,61%;0;0;0
BPML11;Shoppings;R$ 70,39;208.0;3;43;158;0;0;53;0;0;97;7,43%;7,89%;8,47%;5767490547,00;13397;53;0,0%;0;0;0;5,80%;0;7
BRCO11;Logística;R$ 98,98;30128.0;63;62;19;385;715;63;64;6;255;4,09%;4,73%;6,95%;17574598284,00;11892;83;0,53%;0,10%;0,63%;1,75%;0,00%;0,00%;10
BRCR11;Híbrido;R$ 67,17;31034.0;5;74;218;431;798;73;72;67;218;-4,16%;-3,45%;2,19%;279234488024,00;10482;64;0,48%;-0,61%;-0,13%;0,34%;21,00%;25,80%;15
BREV11;Híbrido;R$ 95,70;4.0;56;59;176;35;682;59;58;57;234;-0,31%;0,27%;2,27%;1062403829,00;10984;87;0,52%;-0,01%;0,51%;1,55%;0,00%;0;12
BRLA11;Híbrido;R$ 145,00;3222.0;105;74;206;407;407;69;68;34;206;-3,34%;-2,63%;-2,66%;28526027884,00;15929;91;0,66%;-0,38%;0,28%;0,89%;0;0;0
BTAL11;Outros;R$ 97,05;5175.0;83;83;251;51;914;84;85;76;251;2,82%;3,67%;8,37%;62029463217,00;10368;94;0,80%;0,51%;1,32%;2,10%;0;0;7
BTCR11;Títulos e Val. Mob.;R$ 95,50;9692.0;128;133;381;692;1171;127;115;98;495;-0,74%;0,58%;9,94%;4646172444,00;9659;99;1,29%;0,77%;2,07%;1,73%;0;0;0
BTLG11;Logística;R$ 103,45;21544.0;72;69;21;417;805;7;7;67;21;0,58%;1,28%;3,50%;150487617916,00;9882;105;0,73%;-0,22%;0,51%;1,24%;0;2,00%;16
BTRA11;Outros;R$ 99,90;7507.0;94;92;274;554;0;91;92;0;274;2,65%;3,59%;7,18%;34761224552,00;10332;97;0,91%;0,00%;0,91%;2,67%;0;0;0
BTSG11;Híbrido;R$ 0,0;0;78;0;0;0;0;0;0;0;0;0,00%;0,00%;0,00%;10325933682,00;13324;0;0,59%;0,00%;0,59%;2,38%;0;0;0
BTWR11;Lajes Corporativas;R$ 105,49;263.0;43;41;103;103;0;34;17;0;103;-2,32%;-1,93%;-0,39%;8790034313,00;10862;97;0,34%;0,04%;0,38%;0,91%;12,00%;0;1
BZLI11;Títulos e Val. Mob.;R$ 14,70;44041.0;0;0;0;0;0;0;0;0;0;0,68%;0,68%;1,14%;43318656193,00;1079;136;0,0%;0;0;0;0;0;0
CACR11;Híbrido;R$ 105,25;9873.0;15;139;409;838;1515;136;14;126;549;-0,78%;0,60%;6,04%;15618629941,00;10315;102;1,45%;0,33%;1,79%;7,44%;0;0;0
CARE11;Híbrido;R$ 5,14;1315055.0;0;23;66;136;16;22;23;13;136;-2,63%;-2,41%;5,65%;29205534666,00;816;63;0,0%;0;0;0;0;0;0
CBOP11;Lajes Corporativas;R$ 62,68;860.0;49;77;24;8;1226;8;133;102;307;5,74%;6,56%;-10,34%;12710615179,00;8983;7;0,55%;-0,59%;-0,05%;0,87%;33,59%;30,79%;1
CCRF11;Títulos e Val. Mob.;R$ 100,16;163.0;12;121;362;0;0;121;0;0;362;-0,13%;1,08%;2,68%;15936470906,00;10138;99;1,18%;1,36%;2,56%;4,87%;0;0;0
CEOC11;Lajes Corporativas;R$ 61,54;421.0;49;78;246;484;91;82;81;76;328;1,02%;1,81%;11,52%;16400787101,00;9033;68;0,55%;-0,15%;0,40%;0,92%;0,00%;0;1
CNES11;Lajes Corporativas;R$ 33,00;404.0;7;2;78;185;337;26;31;28;78;-1,23%;-1,03%;-1,60%;25531897559,00;8657;38;0,08%;-0,03%;0,05%;0,20%;56,70%;0;1
CORM11;Híbrido;R$ 92,50;38.0;81;85;256;57;0;85;95;0;256;-0,23%;0,62%;2,34%;9431959407,00;9271;1;0,87%;-0,66%;0,20%;1,69%;0;0;0
CPFF11;Híbrido;R$ 69,30;15263.0;6;85;258;509;1051;86;85;88;357;-1,14%;-0,31%;2,73%;42116607061,00;7728;9;0,78%;-0,84%;-0,07%;0,84%;0;0;0
CPTS11;Títulos e Val. Mob.;R$ 94,64;67273.0;11;115;343;66;1264;114;11;105;343;-0,95%;0,19%;1,54%;261226696614,00;9339;101;1,18%;-0,58%;0,59%;1,77%;0;0;0
CRFF11;Títulos e Val. Mob.;R$ 64,30;80.0;57;87;241;449;789;8;75;66;314;-2,39%;-1,54%;-2,74%;601968362,00;8724;74;0,65%;1,75%;2,41%;4,32%;0;0;0
CTXT11;Lajes Corporativas;R$ 21,59;91.0;9;39;78;136;553;26;23;46;136;-2,58%;-2,20%;-39,31%;11832814981,00;4076;53;0,0%;0;0;0;97,00%;0;1
CVBI11;Títulos e Val. Mob.;R$ 99,77;28187.0;15;148;367;697;1299;122;116;108;477;-2,12%;-0,67%;4,15%;104914353167,00;9977;1;1,12%;-0,35%;0,77%;3,22%;0;0;0
CXAG11;Outros;R$ 77,10;2770.0;75;99;0;0;0;0;0;0;99;0,00%;0,99%;0,99%;21420716456,00;10246;75;0,0%;0;0;0;0;0;0
CXCE11B;Outros;R$ 38,78;427.0;35;89;264;519;1216;88;86;101;345;-5,08%;-4,24%;-10,26%;11104870732,00;6483;6;0,54%;0,04%;0,58%;2,27%;0,00%;0;1
CXCI11;Outros;R$ 79,02;475.0;7;8;0;0;0;0;0;0;8;0,00%;0,80%;0,80%;20099107486,00;9768;81;0,72%;-0,07%;0,65%;0,96%;0;0;0
CXCO11;Lajes Corporativas;R$ 76,75;1605.0;73;94;264;516;931;88;86;78;344;0,65%;1,59%;-0,64%;37681265658,00;9602;8;0,68%;-0,07%;0,61%;1,89%;0;0;0
CXRI11;Híbrido;R$ 62,60;692.0;53;83;24;46;807;8;77;67;313;-1,89%;-1,07%;-4,38%;13451155467,00;8536;73;0,62%;1,47%;2,10%;3,17%;0;0;0
CXTL11;Logística;R$ 273,00;2.0;48;16;67;129;0;22;22;0;42;-6,12%;-5,97%;-5,73%;3705258758,00;69132;39;0,0%;0;0;0;61,00%;0;3
CYCR11;Títulos e Val. Mob.;R$ 100,00;156.0;135;136;367;0;0;122;0;0;481;-0,79%;0,56%;3,00%;6104312579,00;9551;105;1,20%;1,24%;2,46%;3,71%;0;0;0
DEVA11;Títulos e Val. Mob.;R$ 94,87;34466.0;14;143;39;783;1512;13;131;126;51;-2,58%;-1,18%;-0,91%;134802890042,00;9694;98;1,35%;0,49%;1,85%;4,10%;0;0;0
DRIT11B;Lajes Corporativas;R$ 80,41;1.0;33;28;8;0;0;27;0;0;128;5,78%;6,07%;-7,42%;5815691939,00;12553;64;0,0%;0;0;0;10,47%;0;6
DVFF11;Híbrido;R$ 71,75;2608.0;75;107;287;535;0;96;89;0;367;-4,12%;-3,09%;-17,46%;10066446706,00;9143;78;0,77%;0,79%;1,56%;1,77%;0;0;0
EDFO11B;Lajes Corporativas;R$ 206,99;15.0;154;73;212;425;755;71;71;63;277;-1,86%;-1,14%;0,89%;4527383888,00;19184;108;0,79%;0,01%;0,80%;2,34%;7,10%;0;1
EDGA11;Lajes Corporativas;R$ 19,11;2280.0;18;9;217;346;661;72;58;55;217;0,00%;0,90%;-9,81%;25235151937,00;662;29;0,26%;-0,06%;0,20%;0,36%;48,81%;0;1
EQIN11;Títulos e Val. Mob.;R$ 93,50;7984.0;133;141;38;724;1259;127;121;105;28;0,23%;1,65%;3,07%;13844085085,00;9528;98;0,0%;0;0;0;0;0;0
EQIR11;Títulos e Val. Mob.;R$ 99,50;7.0;11;111;325;0;0;108;0;0;325;1,61%;2,74%;4,85%;5124035956,00;10197;98;1,08%;0,33%;1,41%;2,46%;0;0;0
ERCR11;Híbrido;R$ 76.000,00;1.0;96738;0;0;0;0;0;0;0;0;0,00%;0,00%;0,00%;16667373255,00;7014888;108;0,98%;-1,68%;-0,72%;0,17%;0;0;0
ERPA11;Outros;R$ 126,39;17.0;31;24;0;0;0;0;0;0;24;0,00%;0,24%;0,24%;5766984908,00;11513;11;0,0%;0;0;0;0;0;0
EURO11;Logística;R$ 234,99;302.0;183;81;25;5;924;83;83;77;335;4,13%;4,97%;16,77%;11999850598,00;31255;75;0,57%;0,08%;0,65%;1,81%;0,00%;0;6
EVBI11;Híbrido;R$ 95,00;2617.0;75;79;241;485;868;8;81;72;241;3,55%;4,36%;5,13%;13897515625,00;9943;96;0,75%;-0,33%;0,42%;1,87%;0,00%;0;4
FAED11;Outros;R$ 142,80;393.0;148;102;304;554;1011;101;92;84;393;7,30%;8,40%;4,12%;13882348278,00;21618;66;0,71%;-0,01%;0,70%;1,30%;0,00%;0;3
FAMB11B;Lajes Corporativas;R$ 820,00;13.0;916;56;217;478;1043;72;8;87;882;-47,80%;-47,51%;-47,80%;32534468276,00;310443;26;0,0%;0;0;0;100,00%;0;1
FATN11;Híbrido;R$ 100,48;21.0;8;81;243;467;878;81;78;73;317;5,04%;5,89%;0,03%;990843841,00;10064;1;0,78%;-0,53%;0,24%;0,99%;4,30%;0;7
FCFL11;Outros;R$ 117,61;1836.0;86;74;219;442;822;73;74;68;219;3,57%;4,34%;3,28%;36400223306,00;10478;112;0,82%;0,02%;0,83%;1,63%;0,00%;0;1
FEXC11;Títulos e Val. Mob.;R$ 90,00;7657.0;11;12;35;672;1157;117;112;96;457;0,34%;1,55%;7,63%;57170349786,00;9367;96;1,12%;1,09%;2,23%;3,68%;0;0;0
FIGS11;Shoppings;R$ 50,05;2667.0;37;72;208;404;676;69;67;56;276;-5,83%;-5,15%;-3,57%;28344615886,00;9945;5;0,37%;-0,04%;0,33%;0,94%;13,70%;0;2
FIIB11;Híbrido;R$ 427,50;1997.0;33;75;217;443;863;72;74;72;217;-1,66%;-0,92%;-2,97%;31288785327,00;45677;94;0,72%;0,02%;0,75%;2,14%;6,28%;0;1
FIIP11B;Logística;R$ 156,75;358.0;128;8;235;469;872;78;78;73;315;-2,85%;-2,08%;0,67%;18597120638,00;20058;78;0,64%;-0,02%;0,62%;2,01%;0,00%;0;7
FISC11;Lajes Corporativas;R$ 165,00;200.0;22;0;0;0;0;0;0;0;0;0,00%;0,00%;0,00%;25844790109,00;15203;109;0,0%;0;0;0;0;0;0
FIVN11;Shoppings;R$ 2,01;6809.0;0;0;0;0;0;0;0;0;0;0,00%;0,00%;0,00%;6570836204,00;698;29;0,0%;0;0;0;56,00%;0;1
FLCR11;Títulos e Val. Mob.;R$ 95,16;1434.0;16;162;407;876;0;136;146;0;546;-1,14%;0,46%;4,47%;6399400115,00;101;94;1,33%;-0,53%;0,79%;3,07%;0;0;0
FLMA11;Híbrido;R$ 116,75;253.0;83;7;188;354;59;63;59;49;25;-1,23%;-0,53%;2,80%;2165870684,00;15687;74;0,46%;0,09%;0,55%;1,50%;11,00%;0;2
FLRP11;Shoppings;R$ 1.339,98;1.0;10;81;231;406;639;77;68;53;231;1,61%;2,44%;4,83%;11216872402,00;171954;78;0,58%;-0,03%;0,55%;1,02%;2,01%;0;1
FPAB11;Lajes Corporativas;R$ 213,00;3.0;158;73;211;409;726;7;68;61;277;0,45%;1,19%;0,89%;30743559404,00;40991;52;0,37%;0,08%;0,45%;1,16%;33,79%;0;1
FVPQ11;Shoppings;R$ 114,09;1227.0;7;59;188;415;71;63;69;59;29;1,11%;1,70%;20,18%;55494092277,00;19818;58;0,41%;-0,04%;0,38%;1,32%;5,50%;0;1
GALG11;Híbrido;R$ 95,00;5042.0;82;86;255;505;981;85;84;82;339;-0,57%;0,28%;-1,28%;58742954737,00;10219;93;0,80%;-0,47%;0,33%;1,36%;0,00%;0,00%;6
GAME11;Híbrido;R$ 10,15;2943.0;14;138;369;584;0;123;97;0;48;-1,74%;-0,39%;-2,75%;2040990243,00;991;102;1,31%;-89,99%;-89,86%;-89,59%;0;0;0
GCFF11;Títulos e Val. Mob.;R$ 72,71;211.0;78;102;296;586;1103;99;98;92;296;2,29%;3,34%;-2,46%;3009670062,00;8889;82;0,88%;-2,44%;-1,58%;-0,77%;0;0;0
GCRA11;Híbrido;R$ 104,99;1455.0;157;148;0;0;0;0;0;0;395;1,88%;3,39%;5,96%;7116933682,00;9849;107;1,47%;0,36%;1,83%;2,96%;0;0;0
GCRI11;Títulos e Val. Mob.;R$ 99,99;2953.0;148;149;413;77;0;138;128;0;413;1,07%;2,57%;5,12%;9837773644,00;9835;102;1,50%;-1,03%;0,46%;1,67%;0;0;0
GESE11B;Outros;R$ 1.520,00;300.0;126;0;0;0;0;0;0;0;0;0,00%;0,00%;0,00%;8654490698,00;166433;91;0,0%;0;0;0;0;0;0
GGRC11;Logística;R$ 104,89;17915.0;9;82;245;467;878;82;78;73;32;2,04%;2,87%;-2,72%;101332581493,00;13061;8;0,67%;-1,13%;-0,47%;0,88%;0,00%;0,00%;15
GSFI11;Shoppings;R$ 4,44;1689.0;0;3;3;3;3;1;0;0;3;0,00%;0,03%;0,03%;100301771748,00;1334;33;0,0%;0;0;0;10,30%;0;10
GTLG11;Outros;R$ 99,99;35080.0;7;7;21;421;0;7;7;0;281;0,00%;0,70%;4,40%;69345189275,00;9668;103;0,72%;-0,85%;-0,13%;0,85%;0;0;0
GTWR11;Lajes Corporativas;R$ 72,58;19997.0;74;98;28;543;969;93;91;81;367;-7,14%;-6,23%;-6,74%;118307521512,00;9859;74;0,75%;0,02%;0,77%;3,12%;0,00%;0,00%;1
HAAA11;Lajes Corporativas;R$ 94,70;2.0;54;57;17;341;664;57;57;55;227;-1,73%;-1,16%;0,36%;32532201198,00;9416;101;0,57%;-0,54%;0,03%;1,02%;17,00%;0;1
HABT11;Títulos e Val. Mob.;R$ 99,30;28546.0;125;12;354;714;1519;118;119;127;461;-1,92%;-0,74%;-2,13%;72962105678,00;983;101;1,22%;0,43%;1,66%;4,17%;0;0;0
HBRH11;Híbrido;R$ 82,95;308.0;71;85;268;611;104;89;102;87;351;-1,28%;-0,44%;-4,78%;31189093516,00;11251;74;0,67%;-0,01%;0,66%;1,96%;0;0;3
HCHG11;Outros;R$ 81,96;3588.0;88;106;293;557;0;98;93;0;383;-6,65%;-5,66%;-3,13%;12270409156,00;10225;8;0,83%;4,00%;4,87%;7,52%;0;0;0
HCRI11;Hospital;R$ 244,98;162.0;249;88;236;477;933;79;8;78;162;-18,08%;-17,35%;-16,74%;5181019332,00;25905;95;0,0%;0;0;0;0,00%;0;1
HCTR11;Outros;R$ 102,42;79904.0;175;165;397;782;1545;132;13;129;525;-11,20%;-9,74%;-10,57%;24380814759,00;12003;85;1,17%;0,62%;1,79%;5,85%;0;0;0
HFOF11;Títulos e Val. Mob.;R$ 71,85;13178.0;6;79;237;463;861;79;77;72;313;1,23%;2,03%;-0,89%;195049527301,00;8485;85;0,71%;1,01%;1,72%;2,33%;0;0;0
HGBS11;Shoppings;R$ 174,00;8504.0;12;67;2;393;604;67;65;5;269;-0,61%;0,06%;9,42%;215256237183,00;21526;81;0,53%;-0,46%;0,07%;1,67%;6,50%;0;17
HGCR11;Títulos e Val. Mob.;R$ 104,82;15112.0;11;104;304;612;1137;101;102;95;401;-0,04%;1,00%;4,42%;127311872471,00;1029;102;1,02%;1,40%;2,43%;4,46%;0;0;0
HGFF11;Títulos e Val. Mob.;R$ 71,17;4940.0;62;82;249;485;871;83;81;73;326;4,68%;5,53%;2,85%;25502860798,00;8906;8;0,70%;0,79%;1,49%;1,32%;0;0;0
HGIC11;Títulos e Val. Mob.;R$ 109,00;6.0;99;9;286;59;1052;95;98;88;379;1,42%;2,33%;7,77%;3080175462,00;11082;98;0,89%;1,22%;2,13%;5,60%;0;0;0
HGLG11;Logística;R$ 162,00;19391.0;11;67;2;436;891;67;73;74;265;0,44%;1,11%;-1,02%;317127269885,00;14879;109;0,74%;1,01%;1,76%;2,52%;6,90%;6,50%;17
HGPO11;Lajes Corporativas;R$ 251,20;961.0;135;52;155;324;673;52;54;56;207;0,48%;1,00%;2,17%;47020056972,00;26822;94;0,50%;0,05%;0,56%;1,57%;4,99%;2,72%;2
HGRE11;Lajes Corporativas;R$ 129,79;26127.0;78;61;17;482;847;57;8;71;222;3,86%;4,49%;-1,23%;19485725149,00;16489;79;0,42%;-0,09%;0,33%;0,75%;27,13%;29,17%;21
HGRS11;Residencial;R$ 0,0;0;0;0;0;0;0;0;0;0;0;0,00%;0,00%;0,00%;10914419309,00;9138;0;0,0%;0;0;0;0;0;0
HGRU11;Híbrido;R$ 114,00;27677.0;82;71;212;409;794;71;68;66;278;3,22%;3,95%;3,43%;21871885379,00;11883;96;0,69%;0,15%;0,84%;2,06%;0,00%;0,00%;17
HLOG11;Logística;R$ 89,00;1199.0;65;71;213;415;763;71;69;64;283;1,66%;2,38%;1,56%;47650075161,00;11212;79;0,58%;-0,35%;0,22%;1,29%;58,00%;0,00%;3
HOSI11;Híbrido;R$ 71,00;285.0;36;49;149;349;72;5;58;6;2;2,75%;3,25%;1,97%;5246645954,00;9149;78;0,39%;-1,61%;-1,23%;-0,13%;0;0;2
HPDP11;Shoppings;R$ 80,00;10.0;45;55;164;333;55;55;55;46;218;2,48%;3,04%;0,35%;27545503381,00;947;84;0,48%;-0,08%;0,39%;1,34%;2,00%;0;1
HREC11;Títulos e Val. Mob.;R$ 95,97;12.0;1;104;293;597;1101;98;99;92;387;-0,57%;0,46%;4,44%;43282567606,00;9295;103;1,02%;1,79%;2,83%;4,13%;0;0;0
HSAF11;Títulos e Val. Mob.;R$ 93,20;4773.0;115;121;36;7;1307;12;117;109;477;-0,34%;0,86%;5,57%;16840451974,00;9495;98;0,0%;0;0;0;0;0;0
HSLG11;Logística;R$ 86,70;4690.0;63;71;212;416;779;71;69;65;282;0,46%;1,18%;1,77%;140294017946,00;11082;78;0,0%;0;0;0;1,10%;0;5
HSML11;Shoppings;R$ 77,31;16581.0;6;74;227;437;772;76;73;64;299;0,32%;1,07%;9,17%;148039987743,00;9381;82;0,64%;-0,85%;-0,21%;1,00%;4,50%;0;5
HSRE11;Híbrido;R$ 99,99;236537.0;56;56;168;369;652;56;62;54;224;0,00%;0,56%;2,26%;82709674073,00;971;103;0,0%;0;0;0;0,00%;0;29
HTMX11;Hotel;R$ 77,90;959.0;0;0;8;22;541;27;37;45;8;-28,14%;-28,14%;-32,26%;16185743879,00;12876;6;0,0%;0;0;0;65,00%;0;23
HUSC11;Outros;R$ 90,50;279.0;88;96;198;333;708;66;56;59;234;-7,27%;-6,38%;-16,03%;11359823608,00;14296;63;0,38%;0,18%;0,56%;1,40%;0;0;0
IBCR11;Títulos e Val. Mob.;R$ 98,00;7850.0;122;124;429;896;0;143;149;0;584;0,63%;1,88%;7,13%;7852216686,00;978;1;1,50%;0,96%;2,48%;4,82%;0;0;0
IBFF11;Títulos e Val. Mob.;R$ 58,51;799.0;5;85;257;512;976;86;85;81;341;-0,31%;0,55%;2,30%;4836184689,00;7254;81;0,69%;-1,95%;-1,28%;-0,61%;0;0;0
IDFI11;Híbrido;R$ 85,00;18.0;13;132;347;0;0;116;0;0;52;-3,99%;-2,72%;1,11%;1956530219,00;9507;89;1,21%;-6,50%;-5,36%;-3,72%;0;0;0
IRDM11;Títulos e Val. Mob.;R$ 106,00;65636.0;126;119;338;677;1256;113;113;105;437;-4,95%;-3,82%;0,64%;320271750466,00;9692;109;1,22%;-0,19%;1,03%;2,16%;0;0;0
IRIM11;Híbrido;R$ 109,90;2102.0;151;137;406;788;0;135;131;0;532;-2,40%;-1,06%;4,38%;13050338572,00;10039;109;1,14%;-0,40%;0,73%;2,13%;0;0;0
ITIP11;Títulos e Val. Mob.;R$ 82,95;2897.0;102;123;351;711;1289;117;119;107;476;1,98%;3,23%;7,01%;6536910129,00;8737;95;1,17%;-0,53%;0,63%;2,71%;0;0;0
ITIT11;Títulos e Val. Mob.;R$ 69,47;534.0;56;79;234;452;0;78;75;0;307;-2,47%;-1,70%;0,82%;7199338628,00;7995;87;0,70%;0,62%;1,32%;2,16%;0;0;0
JFLL11;Residencial;R$ 72,50;974.0;62;78;245;496;941;82;83;78;323;7,19%;8,03%;4,15%;15027355174,00;10014;72;0,62%;-0,01%;0,61%;1,89%;28,00%;0;2
JGPX11;Híbrido;R$ 98,58;3298.0;125;125;358;0;0;119;0;0;467;2,22%;3,50%;7,73%;8140204414,00;9598;103;1,25%;0,85%;2,11%;4,53%;0;0;0
JPPA11;Títulos e Val. Mob.;R$ 101,00;2148.0;18;174;481;871;1492;16;145;124;604;3,93%;5,73%;12,90%;6427071949,00;10641;95;1,46%;2,16%;3,65%;4,60%;0;0;0
JRDM11;Shoppings;R$ 75,60;236.0;47;62;179;466;683;6;78;57;179;2,52%;3,16%;3,99%;22054740056,00;8742;86;0,54%;0,06%;0,60%;1,49%;2,77%;0;1
JSAF11;Títulos e Val. Mob.;R$ 83,98;1055.0;93;109;329;0;0;11;0;0;438;2,28%;3,39%;8,02%;15318438165,00;9738;86;0,96%;0,83%;1,80%;2,69%;0;0;0
JSRE11;Híbrido;R$ 73,33;42374.0;49;63;199;405;785;66;68;65;266;6,12%;6,79%;0,01%;23588246114,00;11358;65;0,43%;-0,39%;0,04%;0,95%;14,80%;13,40%;5
KFOF11;Títulos e Val. Mob.;R$ 77,00;7910.0;68;85;261;492;928;87;82;77;344;4,57%;5,46%;9,04%;43287931092,00;9549;81;0,71%;0,56%;1,28%;4,55%;0;0;0
KINP11;Residencial;R$ 12,79;644.0;37;29;733;0;0;244;0;0;982;0,00%;2,90%;0,75%;4858545878,00;68;188;5,45%;-2,61%;2,70%;14,03%;0;0;0
KISU11;Títulos e Val. Mob.;R$ 7,27;143809.0;7;85;255;501;899;85;84;75;335;-0,26%;0,59%;-3,08%;3986040688,00;902;81;0,72%;0,69%;1,42%;-2,01%;0;0;0
KNCA11;Títulos e Val. Mob.;R$ 108,51;4892.0;117;104;0;0;0;0;0;0;322;2,38%;3,44%;5,71%;51196518257,00;10039;108;1,31%;0,01%;1,32%;2,26%;0;0;0
KNCR11;Títulos e Val. Mob.;R$ 100,96;72750.0;97;95;276;504;802;92;84;67;358;-0,22%;0,73%;5,79%;395309184985,00;10111;1;0,96%;0,00%;0,96%;3,78%;0;0;0
KNHY11;Títulos e Val. Mob.;R$ 101,90;21451.0;155;15;373;774;1431;124;129;119;494;-0,20%;1,30%;1,42%;181387179299,00;981;104;1,58%;-0,77%;0,80%;4,86%;0;0;0
KNIP11;Títulos e Val. Mob.;R$ 100,90;64117.0;17;166;404;824;1493;135;137;124;535;0,48%;2,15%;3,80%;694721249801,00;9766;103;1,74%;-1,10%;0,62%;5,73%;0;0;0
KNRE11;Residencial;R$ 0,91;401.0;0;0;0;0;0;0;0;0;0;0,00%;0,00%;0,00%;2307786689,00;124;73;0,0%;0;0;0;0;0;0
KNRI11;Híbrido;R$ 131,84;23282.0;84;61;181;365;672;6;61;56;243;-0,07%;0,54%;5,91%;379658655578,00;15716;84;0,53%;-0,06%;0,47%;1,82%;2,00%;6,72%;20
KNSC11;Títulos e Val. Mob.;R$ 92,60;33193.0;114;12;341;755;1413;114;126;118;467;-2,27%;-1,09%;-0,28%;119439797518,00;8997;103;1,24%;1,53%;2,80%;4,61%;0;0;0
LASC11;Shoppings;R$ 86,79;92.0;61;71;222;385;683;74;64;57;262;-0,56%;0,14%;-1,35%;28381854574,00;11271;77;0,53%;0,18%;0,71%;1,04%;2,40%;0;3
LGCP11;Logística;R$ 75,13;2666.0;6;76;228;438;81;76;73;68;3;0,75%;1,51%;-0,68%;27896974698,00;10208;74;0,59%;0,00%;0,59%;2,39%;0,50%;0;5
LUGG11;Residencial;R$ 80,78;179.0;58;72;213;4;735;71;67;61;274;0,67%;1,40%;-5,25%;11251412813,00;12502;65;0,46%;-0,05%;0,41%;1,90%;2,40%;0;4
LVBI11;Logística;R$ 97,30;16521.0;74;74;218;437;799;73;73;67;218;-0,98%;-0,25%;3,15%;135047251523,00;11469;85;0,65%;-0,08%;0,57%;1,19%;0,50%;0,00%;10
MALL11;Shoppings;R$ 101,23;12423.0;72;71;215;431;766;72;72;64;29;1,72%;2,44%;8,75%;8229474839,00;10885;93;0,66%;-0,41%;0,25%;0,91%;4,00%;0;8
MATV11;Títulos e Val. Mob.;R$ 96,78;2.0;13;133;378;0;0;126;0;0;378;-0,01%;1,32%;3,82%;332575021,00;9577;101;1,36%;-1,92%;-0,59%;0,53%;0;0;0
MAXR11;Outros;R$ 79,95;637.0;8;101;212;448;956;71;75;8;212;-4,09%;-3,12%;-0,73%;13541452306,00;1203;66;0,67%;0,08%;0,75%;1,52%;2,80%;0;8
MBRF11;Outros;R$ 690,61;36.0;10;142;41;818;1354;137;136;113;668;-2,44%;-1,05%;-5,67%;11371757693,00;111856;62;0,85%;0,05%;0,90%;3,66%;0,00%;0;2
MCCI11;Títulos e Val. Mob.;R$ 99,96;18126.0;1;99;298;592;114;99;99;95;298;0,32%;1,32%;2,07%;121095890224,00;9752;102;1,03%;0,73%;1,76%;2,81%;0;0;0
MCHF11;Títulos e Val. Mob.;R$ 9,92;199552.0;11;109;325;0;0;108;0;0;325;-0,98%;0,10%;2,88%;31593078184,00;978;101;1,12%;-4,38%;-3,30%;-2,26%;0;0;0
MCHY11;Títulos e Val. Mob.;R$ 110,70;23.0;13;115;35;677;0;117;113;0;35;2,74%;3,92%;5,42%;37574903593,00;10467;106;1,24%;2,35%;3,62%;4,94%;0;0;0
MFAI11;Híbrido;R$ 77,53;951.0;44;53;355;709;1184;118;118;99;486;11,38%;11,96%;16,86%;2442328609,00;8056;96;1,79%;1,16%;2,97%;1,01%;0;0;0
MFII11;Híbrido;R$ 98,27;5073.0;111;107;329;666;1249;11;111;104;436;-0,08%;0,99%;-1,59%;44022129544,00;10616;93;1,10%;-0,73%;0,36%;0,72%;0;0;9
MGCR11;Títulos e Val. Mob.;R$ 87,45;402.0;1;117;346;667;1176;115;111;98;346;-1,01%;0,15%;0,45%;13519980161,00;9506;92;1,05%;-0,02%;1,04%;2,10%;0;0;0
MGFF11;Títulos e Val. Mob.;R$ 60,63;20980.0;65;104;28;531;962;93;89;8;367;-1,11%;-0,08%;2,90%;68891676145,00;7612;8;0,72%;-2,28%;-1,58%;-0,88%;0;0;0
MGHT11;Hotel;R$ 78,88;34.0;8;97;281;554;97;94;92;81;281;-3,20%;-2,26%;-3,43%;12977773257,00;9878;8;0,81%;0,18%;0,99%;1,81%;0;0;0
MGLG11;Logística;R$ 50,55;324.0;6;117;349;619;0;116;103;0;465;-0,72%;0,45%;-1,14%;5481452047,00;4747;106;1,26%;-37,68%;-36,89%;-41,76%;0,00%;0;3
MORC11;Títulos e Val. Mob.;R$ 100,89;10415.0;15;146;406;656;0;135;109;0;406;1,54%;3,02%;6,67%;7842948655,00;10056;1;1,49%;-0,28%;1,21%;2,33%;0;0;0
MORE11;Títulos e Val. Mob.;R$ 68,46;4481.0;7;98;284;55;1016;95;92;85;284;-3,46%;-2,52%;-3,46%;2029528411,00;8751;78;0,80%;-2,21%;-1,43%;-0,66%;0;0;0
MXRF11;Híbrido;R$ 9,66;485491.0;11;111;318;587;1039;106;98;87;416;8,86%;10,07%;13,97%;230269354319,00;1019;95;0,98%;-0,02%;0,96%;2,22%;0;0;0
NAVT11;Títulos e Val. Mob.;R$ 73,00;4383.0;85;113;321;568;0;107;95;0;321;4,05%;5,23%;6,38%;950260514,00;9011;81;0,94%;-0,93%;0,00%;0,82%;0;0;0
NEWL11;Híbrido;R$ 97,47;5900.0;8;8;238;528;1016;79;88;85;316;-1,86%;-1,07%;0,86%;23629103363,00;11622;84;0,69%;0,16%;0,85%;2,47%;0,00%;0;2
NEWU11;Lajes Corporativas;R$ 34,49;4.0;0;0;0;56;1663;0;9;139;61;-4,04%;-4,04%;-31,62%;4819185894,00;6495;53;0,0%;0;0;0;63,20%;0;3
NSLU11;Hospital;R$ 146,50;3248.0;154;76;226;494;949;75;82;79;76;0,00%;0,76%;0,76%;22554557713,00;19702;74;0,0%;0;0;0;0,00%;0;1
NVHO11;Hospital;R$ 10,60;438.0;8;67;197;35;687;66;58;57;218;1,67%;2,35%;4,34%;52729531712,00;1271;83;0,60%;0,04%;0,64%;1,48%;0;0;1
NVIF11B;Outros;R$ 0,0;0;44;0;0;0;0;0;0;0;0;0,00%;0,00%;0,00%;8545409804,00;25327;0;0,18%;-0,90%;-0,73%;-0,50%;0;0;0
ONEF11;Lajes Corporativas;R$ 156,08;125.0;92;59;175;355;654;58;59;54;3;1,38%;1,97%;18,93%;15918039075,00;17473;89;0,52%;-0,05%;0,47%;1,50%;0,00%;0;1
OUFF11;Títulos e Val. Mob.;R$ 66,00;1604.0;7;103;311;594;1102;104;99;92;311;3,46%;4,53%;6,80%;14253905724,00;7856;84;0,89%;0,19%;1,08%;1,18%;0;0;0
OUJP11;Títulos e Val. Mob.;R$ 93,34;7164.0;13;136;416;759;128;139;126;107;537;5,12%;6,55%;10,34%;33145538248,00;10191;92;1,26%;0,92%;2,19%;4,57%;0;0;0
OULG11;Outros;R$ 38,50;2636.0;17;39;112;395;839;37;66;7;112;-3,54%;-3,16%;-7,15%;18273204755,00;7364;52;0,23%;-0,15%;0,08%;0,46%;0,00%;0;2
OURE11;Títulos e Val. Mob.;R$ 79,80;1581.0;9;109;293;68;127;98;113;106;293;0,10%;1,19%;-1,65%;9975614737,00;9262;86;0,97%;0,64%;1,62%;2,86%;0;0;0
PABY11;Híbrido;R$ 7,28;106.0;0;0;0;0;0;0;0;0;0;-19,84%;-19,84%;-31,62%;-954640761,00;-1259;-58;0,0%;0;0;0;0;0;1
PATC11;Lajes Corporativas;R$ 68,45;3105.0;32;47;138;278;561;46;46;47;184;-1,45%;-0,99%;5,66%;30151221727,00;8671;79;0,37%;0,22%;0,59%;1,58%;21,90%;18,90%;6
PATL11;Híbrido;R$ 75,89;10034.0;58;75;227;469;913;76;78;76;304;1,91%;2,68%;4,88%;489614872,00;9809;77;0,59%;-0,04%;0,55%;1,84%;0,00%;0,00%;4
PLCR11;Híbrido;R$ 85,96;2274.0;11;126;363;716;1296;121;119;108;481;0,49%;1,76%;3,81%;19539750706,00;9264;93;1,13%;1,16%;2,30%;3,48%;0;0;0
PLOG11;Logística;R$ 70,65;696.0;75;101;32;621;1114;107;104;93;424;4,14%;5,20%;2,86%;7516199593,00;10022;7;0,78%;-0,01%;0,77%;2,29%;20,40%;0;1
PLRI11;Títulos e Val. Mob.;R$ 38,31;410.0;21;52;406;782;1095;135;13;91;68;-4,84%;-4,35%;12,89%;37815549,00;3963;97;0,63%;-1,42%;-0,80%;0,08%;0;0;0
PORD11;Títulos e Val. Mob.;R$ 92,96;3164.0;141;149;395;754;1324;132;126;11;52;0,52%;2,02%;6,72%;36974839785,00;9917;94;1,23%;0,30%;1,53%;3,42%;0;0;0
PQAG11;Logística;R$ 57,00;2.0;4;67;208;405;752;69;67;63;277;6,19%;6,90%;9,16%;79647152173,00;5692;1;0,70%;0,10%;0,80%;2,22%;0,00%;0;1
PQDP11;Shoppings;R$ 1.996,00;56.0;1501;74;232;433;693;77;72;58;232;0,73%;1,48%;1,88%;80046730308,00;335658;59;0,45%;-0,06%;0,38%;0,91%;3,60%;0;1
PRSV11;Lajes Corporativas;R$ 112,31;20.0;162;42;153;291;595;51;48;5;446;5,30%;5,74%;-11,25%;4693048631,00;24067;47;0,0%;0;0;0;40,90%;0;2
PVBI11;Lajes Corporativas;R$ 90,02;18187.0;56;59;184;372;738;61;62;61;184;3,77%;4,38%;9,22%;99527593269,00;9914;91;0,56%;-0,14%;0,42%;0,99%;0,10%;0;4
QAGR11;Outros;R$ 45,75;8093.0;39;82;237;469;911;79;78;76;237;-2,58%;-1,78%;-2,83%;30083171641,00;5969;77;0,65%;-0,03%;0,62%;1,87%;0;0;12
QAMI11;Híbrido;R$ 94,30;849.0;124;129;366;813;1493;122;135;124;493;1,34%;2,65%;1,31%;7301429372,00;9111;104;1,15%;1,31%;2,48%;3,92%;0;0;0
QIRI11;Títulos e Val. Mob.;R$ 78,39;2.0;66;83;242;468;812;81;78;68;318;5,77%;6,65%;-9,03%;131217285,00;8748;9;0,69%;0,77%;1,47%;1,64%;0;0;0
RBCO11;Lajes Corporativas;R$ 38,00;8937.0;35;83;226;441;878;75;74;73;289;-13,44%;-12,72%;-22,28%;32433135574,00;8582;44;0,41%;-0,62%;-0,22%;-13,67%;46,00%;50,00%;4
RBDS11;Residencial;R$ 3,24;43.0;0;0;0;0;0;0;0;0;0;0,00%;0,00%;0,00%;31770631,00;2511;13;0,0%;0;0;0;0;0;0
RBED11;Outros;R$ 119,76;1502.0;114;93;276;538;987;92;9;82;369;-0,50%;0,42%;5,96%;28638282562,00;14166;85;0,79%;0,07%;0,86%;2,50%;0,00%;0;5
RBFF11;Títulos e Val. Mob.;R$ 49,91;9860.0;48;91;277;534;992;92;89;83;361;3,79%;4,73%;-1,01%;24282034176,00;6477;77;0,73%;0,84%;1,58%;1,32%;0;0;0
RBGS11;Shoppings;R$ 28,45;5157.0;18;62;159;273;512;53;46;43;512;-1,90%;-1,29%;-28,71%;9786528371,00;9078;31;0,18%;0,00%;0,18%;1,17%;13,00%;0;1
RBHG11;Títulos e Val. Mob.;R$ 89,37;1083.0;115;126;377;783;1341;126;131;112;484;4,06%;5,36%;8,06%;16717515721,00;9677;92;1,14%;-0,25%;0,88%;3,70%;0;0;0
RBHY11;Títulos e Val. Mob.;R$ 98,70;449.0;13;129;387;847;1381;129;141;115;494;0,35%;1,64%;3,16%;15435162831,00;9759;101;1,33%;0,20%;1,54%;3,94%;0;0;0
RBIR11;Residencial;R$ 69,76;16.0;0;0;0;0;0;0;0;0;0;0,00%;0,00%;0,00%;14699086056,00;9616;73;0,0%;0;0;0;0;0;0
RBLG11;Logística;R$ 86,00;1.0;8;92;273;544;93;91;91;77;273;-2,47%;-1,58%;2,91%;6689759499,00;1045;82;0,77%;1,72%;2,50%;3,30%;0,00%;0;1
RBRD11;Híbrido;R$ 44,19;300.0;3;66;396;521;64;132;87;53;438;-7,33%;-6,72%;10,50%;13180833567,00;7118;62;0,42%;0,16%;0,58%;1,11%;15,52%;0;4
RBRF11;Títulos e Val. Mob.;R$ 71,76;24935.0;6;84;248;496;95;83;83;79;331;-4,33%;-3,53%;2,17%;114940577449,00;8402;85;0,71%;-1,84%;-1,14%;-0,44%;0;0;0
RBRL11;Logística;R$ 86,48;5671.0;65;74;217;464;897;72;77;75;282;1,97%;2,73%;-2,19%;71355113419,00;10671;81;0,58%;0,12%;0,71%;1,83%;0,00%;0,00%;6
RBRP11;Outros;R$ 62,40;18579.0;45;72;212;404;721;71;67;6;278;-3,07%;-2,38%;-8,04%;100135348432,00;8222;76;0,61%;0,24%;0,85%;0,20%;13,00%;6,00%;17
RBRR11;Títulos e Val. Mob.;R$ 103,35;33521.0;12;116;34;647;1167;113;108;97;447;0,73%;1,90%;5,05%;102309718447,00;9873;105;1,22%;0,01%;1,22%;2,35%;0;0;0
RBRS11;Híbrido;R$ 61,90;40.0;44;7;207;398;743;69;66;62;269;4,72%;5,46%;-4,66%;13008784067,00;936;66;0,46%;0,06%;0,52%;1,47%;0;0;0
RBRY11;Títulos e Val. Mob.;R$ 104,64;4021.0;125;119;352;696;1208;117;116;101;46;-1,07%;0,11%;2,44%;35108058318,00;10335;101;1,26%;-0,41%;0,84%;1,96%;0;0;0
RBVA11;Outros;R$ 93,85;7888.0;92;93;284;559;1075;95;93;9;377;0,62%;1,55%;4,31%;119360967224,00;103;91;0,89%;-0,05%;0,84%;2,61%;0,70%;0;72
RBVO11;Outros;R$ 12,20;306.0;4;32;102;203;398;34;34;33;139;-0,32%;0,00%;2,55%;1207344838,00;2341;52;0,17%;0,79%;0,96%;3,45%;0;0;0
RCRB11;Lajes Corporativas;R$ 120,19;4372.0;6;48;136;288;641;45;48;53;22;-6,58%;-6,13%;-1,56%;72322018462,00;19596;61;0,28%;-0,17%;0,11%;0,50%;28,40%;0;10
RDPD11;Títulos e Val. Mob.;R$ 57,19;39.0;84;148;36;627;1085;12;105;9;459;3,45%;4,98%;4,87%;6452889511,00;5986;96;1,40%;0,47%;1,88%;5,45%;0;0;0
RECR11;Títulos e Val. Mob.;R$ 98,40;54731.0;15;15;404;77;1424;135;128;119;506;-1,84%;-0,37%;2,31%;231181202409,00;953;103;0,0%;0;0;0;0;0;0
RECT11;Híbrido;R$ 60,05;15358.0;5;8;231;466;888;77;78;74;305;-5,45%;-4,69%;-8,08%;79189747757,00;9682;62;0,0%;0;0;0;15,10%;0;8
RECX11;Outros;R$ 79,79;2219.0;8;86;307;632;0;102;105;0;307;7,19%;8,11%;0,88%;1890989731,00;8662;92;0,92%;-1,55%;-0,64%;0,48%;0;0;0
RELG11;Híbrido;R$ 75,00;3618.0;9;121;304;605;1112;101;101;93;391;-0,34%;0,87%;-4,12%;16155102445,00;12105;62;0,0%;0;0;0;10,40%;10,40%;3
RFOF11;Títulos e Val. Mob.;R$ 69,00;1038.0;67;94;278;543;1013;93;91;84;366;-1,11%;-0,18%;0,84%;9013856932,00;836;83;0,78%;0,53%;1,31%;-1,81%;0;0;0
RMAI11;Lajes Corporativas;R$ 32,95;5.0;26;77;215;322;322;72;54;27;322;-5,67%;-4,95%;-12,36%;26422369491,00;10812;3;0,24%;-0,04%;0,20%;0,20%;23,44%;0;1
RNDP11;Títulos e Val. Mob.;R$ 379,00;1.0;426;112;284;483;838;95;8;7;35;-5,71%;-4,65%;-34,41%;7255944644,00;67509;56;0,71%;0,25%;0,95%;2,17%;0;0;0
RNGO11;Lajes Corporativas;R$ 47,50;2008.0;39;78;224;428;784;75;71;65;293;4,61%;5,43%;1,13%;23414409011,00;875;54;0,40%;0,04%;0,44%;1,22%;24,10%;0;3
RRCI11;Títulos e Val. Mob.;R$ 90,14;1433.0;13;141;425;795;1362;142;132;113;556;4,00%;5,47%;13,74%;4707887845,00;9772;92;1,33%;0,07%;1,41%;4,13%;0;0;0
RVBI11;Títulos e Val. Mob.;R$ 75,57;3029.0;75;97;286;56;1066;95;93;89;378;-3,22%;-2,28%;-1,03%;12555260137,00;8719;87;0,86%;0,17%;1,03%;1,97%;0;0;0
RZAG11;Títulos e Val. Mob.;R$ 10,15;115732.0;12;117;337;0;0;112;0;0;449;2,50%;3,70%;9,03%;28966621078,00;955;106;1,15%;0,10%;1,25%;3,56%;0;0;0
RZAK11;Títulos e Val. Mob.;R$ 99,00;13065.0;12;122;398;785;1319;133;131;11;398;5,53%;6,82%;7,55%;28282114509,00;9422;105;1,27%;0,35%;1,63%;3,03%;0;0;0
RZTR11;Híbrido;R$ 101,87;25870.0;125;12;365;738;1245;122;123;104;486;2,05%;3,27%;5,23%;109099666791,00;9875;103;1,27%;-0,46%;0,80%;2,48%;0;0;10
SADI11;Títulos e Val. Mob.;R$ 91,10;2783.0;9;98;297;54;829;99;9;69;386;1,93%;2,93%;5,69%;32046183658,00;10077;9;0,89%;-0,06%;0,83%;3,76%;0;0;0
SARE11;Híbrido;R$ 72,40;22642.0;62;81;257;537;955;86;89;8;345;8,43%;9,31%;10,15%;91455455225,00;9904;73;0,63%;0,04%;0,67%;1,73%;6,20%;0;3
SCPF11;Shoppings;R$ 6,00;1060.0;1;16;45;176;271;15;29;23;116;-3,68%;-3,53%;-20,09%;523149286,00;1246;48;0,11%;-0,48%;-0,37%;0,31%;29,30%;0;1
SDIL11;Logística;R$ 86,90;5781.0;76;84;251;512;941;84;85;78;339;-0,15%;0,68%;8,80%;62354156826,00;975;89;0,78%;-0,03%;0,75%;2,36%;2,60%;0;5
SEQR11;Outros;R$ 64,90;2268.0;63;97;277;534;1031;92;89;86;364;-6,08%;-5,18%;-6,67%;15510196423,00;9642;67;0,65%;0,35%;1,00%;2,35%;0,00%;0;0
SHPH11;Shoppings;R$ 803,09;24.0;335;41;134;281;475;45;47;4;194;-0,35%;0,06%;4,60%;54038447089,00;8874;9;0,40%;-0,04%;0,36%;1,30%;10,80%;0;1
SNCI11;Títulos e Val. Mob.;R$ 103,91;9565.0;13;12;389;0;0;13;0;0;389;4,11%;5,36%;7,59%;25212806008,00;10085;103;1,29%;1,92%;3,24%;5,89%;0;0;0
SNFF11;Títulos e Val. Mob.;R$ 82,80;10226.0;65;73;226;444;0;75;74;0;226;8,50%;9,29%;3,17%;22827489117,00;9131;91;0,71%;-1,06%;-0,35%;0,35%;0;0;0
SPTW11;Lajes Corporativas;R$ 42,76;2004.0;4;9;271;53;163;9;88;136;359;-0,83%;0,07%;1,30%;9501118815,00;5284;81;0,76%;0,06%;0,81%;2,47%;0,00%;0;1
SPVJ11;Outros;R$ 0,0;0;66;0;0;0;0;0;0;0;0;0,00%;0,00%;0,00%;67863104038,00;10751;0;0,64%;-0,10%;0,54%;1,73%;0;0;0
SRVD11;Títulos e Val. Mob.;R$ 7,17;11.0;1;101;0;0;0;0;0;0;101;0,00%;1,01%;1,01%;11413170123,00;119;605;16,87%;-0,11%;16,74%;25,64%;0;0;0
STRX11;Híbrido;R$ 0,0;0;71;0;0;0;0;0;0;0;0;0,00%;0,00%;0,00%;2268754845,00;14061;0;0,50%;-0,13%;0,37%;1,88%;0;0;0
TEPP11;Lajes Corporativas;R$ 67,45;990.0;49;7;208;412;765;69;69;64;272;4,42%;5,14%;-1,48%;38273519301,00;9065;74;0,54%;-0,13%;0,41%;0,64%;9,06%;18,03%;5
TGAR11;Outros;R$ 116,04;26494.0;144;12;34;642;116;113;107;97;435;5,29%;6,56%;1,97%;14708914402,00;13006;89;0,98%;-0,82%;0,15%;1,56%;0;0;0
TORD11;Outros;R$ 9,01;83931.0;12;129;281;528;1105;94;88;92;364;0,98%;2,29%;-0,39%;4731982092,00;135;67;0,44%;0,42%;0,87%;1,81%;0;0;0
TRNT11;Lajes Corporativas;R$ 106,05;539.0;38;35;104;226;405;35;38;34;104;0,09%;0,44%;3,08%;79680663595,00;20246;52;0,19%;0,01%;0,20%;0,39%;49,90%;0;1
TRXF11;Outros;R$ 98,58;10091.0;8;8;24;489;908;8;82;76;319;0,29%;1,09%;1,72%;70927404052,00;979;101;0,82%;-2,58%;-1,78%;-0,55%;0,00%;0;44
URPR11;Outros;R$ 105,50;29083.0;184;172;453;911;1842;151;152;153;588;-8,47%;-6,89%;-5,71%;54163352558,00;9814;107;1,68%;0,94%;2,64%;7,87%;0;0;0
VCJR11;Títulos e Val. Mob.;R$ 96,08;3955.0;149;151;377;812;1423;126;135;119;504;1,10%;2,63%;6,03%;135453715194,00;9471;101;1,57%;-0,61%;0,95%;5,72%;0;0;0
VCRR11;Residencial;R$ 74,51;95.0;67;87;272;54;0;91;9;0;358;8,99%;9,93%;2,83%;23943000251,00;11972;62;0,56%;0,08%;0,64%;1,75%;0;0;0
VGHF11;Títulos e Val. Mob.;R$ 9,99;239445.0;13;128;42;905;1663;14;151;139;575;-1,36%;-0,10%;4,44%;49667627099,00;942;106;1,50%;0,24%;1,75%;4,11%;0;0;0
VGIA11;Títulos e Val. Mob.;R$ 10,75;86033.0;15;14;0;0;0;0;0;0;396;2,67%;4,11%;5,48%;9574751722,00;951;113;1,58%;0,07%;1,65%;3,04%;0;0;0
VGIP11;Outros;R$ 99,60;30846.0;14;139;385;83;1447;128;138;121;385;-0,28%;1,11%;3,63%;89536830377,00;9634;103;1,45%;2,34%;3,82%;5,27%;0;0;0
VGIR11;Títulos e Val. Mob.;R$ 100,10;8626.0;12;118;345;588;975;115;98;81;345;0,51%;1,69%;3,18%;53571936076,00;9704;103;1,24%;0,03%;1,27%;2,42%;0;0;0
VIFI11;Títulos e Val. Mob.;R$ 7,05;21515.0;6;83;258;514;976;86;86;81;343;1,13%;1,97%;-2,75%;24959160606,00;8875;8;0,74%;1,07%;1,82%;0,83%;0;0;0
VILG11;Logística;R$ 97,36;30667.0;7;69;209;416;755;7;69;63;277;2,80%;3,51%;1,50%;17057139729,00;11373;86;0,62%;-0,12%;0,50%;1,68%;0,00%;0;16
VINO11;Lajes Corporativas;R$ 47,88;26227.0;34;66;21;463;984;7;77;82;276;7,56%;8,28%;1,91%;91032827155,00;5495;87;0,62%;-0,31%;0,31%;1,02%;4,20%;0;9
VISC11;Shoppings;R$ 100,10;15855.0;7;68;205;415;704;68;69;59;273;5,06%;5,77%;5,31%;204651211046,00;11565;87;0,0%;0;0;0;8,30%;0;15
VIUR11;Títulos e Val. Mob.;R$ 72,73;2998.0;76;102;294;571;0;98;95;0;386;3,07%;4,12%;1,88%;25824823296,00;9584;76;0,0%;0;0;0;0,00%;0;6
VJFD11;Híbrido;R$ 0,0;0;86;0;0;0;0;0;0;0;0;0,00%;0,00%;0,00%;65083228107,00;13347;0;0,0%;0;0;0;0;0;0
VLOL11;Lajes Corporativas;R$ 94,63;446.0;62;63;174;335;613;58;56;51;229;2,08%;2,73%;7,25%;18479723914,00;10354;91;0,51%;0,03%;0,54%;1,61%;0,00%;0;1
VOTS11;Títulos e Val. Mob.;R$ 92,34;91.0;135;144;405;687;112;135;114;93;51;8,85%;10,42%;17,08%;8095816323,00;9779;94;1,38%;0,08%;1,46%;4,69%;0;0;0
VRTA11;Títulos e Val. Mob.;R$ 99,03;25231.0;12;117;346;701;1288;115;117;107;465;-1,80%;-0,65%;2,23%;125434452949,00;9721;102;1,18%;1,35%;2,55%;5,02%;0;0;0
VSHO11;Shoppings;R$ 78,54;22.0;61;76;223;44;866;74;73;72;295;0,62%;1,38%;4,94%;21487989714,00;10238;77;0,60%;0,57%;1,17%;2,73%;12,96%;0;3
VSLH11;Outros;R$ 8,99;130153.0;11;118;365;707;1536;122;118;128;477;-2,40%;-1,25%;0,56%;29903017786,00;1001;9;1,16%;0,91%;2,08%;4,75%;0;0;0
VTLT11;Logística;R$ 90,46;5141.0;83;9;267;516;961;89;86;8;357;-3,44%;-2,57%;4,58%;21886106589,00;10348;87;0,80%;0,05%;0,85%;3,45%;0,00%;0,00%;1
VVPR11;Híbrido;R$ 94,00;506.0;77;82;25;489;932;83;82;78;25;0,86%;1,68%;3,12%;23844507376,00;10341;91;0,74%;0,02%;0,76%;1,53%;0,00%;0;6
WPLZ11;Shoppings;R$ 73,00;30.0;3;4;123;265;0;41;44;0;158;1,36%;1,77%;5,50%;10497596977,00;10284;71;0,29%;0,09%;0,38%;1,00%;11,00%;0;1
WTSP11B;Híbrido;R$ 38,45;20.0;32;76;257;467;685;86;78;57;76;0,00%;0,76%;0,76%;7833643225,00;7892;49;0,40%;0,69%;1,09%;5,11%;0;0;0
XPCA11;Títulos e Val. Mob.;R$ 10,19;61559.0;14;135;39;0;0;13;0;0;494;5,38%;6,80%;12,97%;13447260837,00;954;107;1,47%;-0,04%;1,43%;5,11%;0;0;0
XPCI11;Outros;R$ 95,04;17686.0;118;122;356;669;1253;119;112;104;468;1,21%;2,45%;3,65%;66396315417,00;964;99;1,17%;1,54%;2,73%;4,87%;0;0;0
XPCM11;Lajes Corporativas;R$ 16,59;4041.0;18;103;3;524;1016;1;87;85;378;2,40%;3,45%;-5,06%;13058831992,00;5408;31;0,33%;-0,62%;-0,29%;-0,22%;100,00%;0;1
XPHT11;Hotel;R$ 96,11;1.0;1;1;79;187;487;26;31;41;1;0,00%;0,10%;0,10%;35786637956,00;9406;102;0,05%;0,00%;0,06%;0,06%;64,90%;0;5
XPIN11;Outros;R$ 78,44;4888.0;61;72;219;431;811;73;72;68;219;2,44%;3,18%;1,15%;783583228,00;10959;72;0,56%;0,28%;0,84%;1,53%;17,30%;12,00%;5
XPLG11;Logística;R$ 94,00;34113.0;66;67;207;405;757;69;67;63;272;0,56%;1,24%;2,22%;307500212283,00;11346;83;0,58%;1,75%;2,35%;5,10%;8,80%;1,20%;13
XPML11;Shoppings;R$ 95,40;29847.0;66;66;201;402;69;67;67;57;201;10,43%;11,16%;8,99%;19009678921,00;10176;94;0,65%;0,00%;0,65%;1,24%;3,90%;0;16
XPPR11;Outros;R$ 54,84;17079.0;45;77;233;478;952;78;8;79;304;3,94%;4,74%;-5,89%;57470060858,00;7855;7;0,57%;-0,50%;0,07%;-2,41%;46,00%;0,00%;4
XPSF11;Outros;R$ 7,00;162191.0;68;93;28;545;1043;93;91;87;361;4,91%;5,88%;-4,19%;37878995458,00;8748;8;0,78%;1,16%;1,95%;2,34%;0;0;0
XTED11;Lajes Corporativas;R$ 6,13;147.0;0;0;0;0;0;0;0;0;0;1,10%;1,10%;-37,83%;2730595124,00;1389;44;0,0%;0;0;0;0,00%;100,00%;1
YUFI11B;Residencial;R$ 0,0;0;79;0;0;0;0;0;0;0;0;0,00%;0,00%;0,00%;4129831305,00;10451;0;0,45%;-0,14%;0,32%;1,84%;0;0;0
